{
  "project_info": {
    "project_number": "1009301487256",
    "project_id": "flashchat-b53b6",
    "storage_bucket": "flashchat-b53b6.appspot.com"
  },
  "client": [
    {
      "client_info": {
        "mobilesdk_app_id": "1:1009301487256:android:f283cb86b91592155fdaed",
        "android_client_info": {
          "package_name": "com.chatapp.flash_chat_flutter"
        }
      },
      "oauth_client": [
        {
          "client_id": "1009301487256-70gp5jlf8ehc2cvrdq34o1e2mlqju0as.apps.googleusercontent.com",
          "client_type": 3
        }
      ],
      "api_key": [
        {
          "current_key": "AIzaSyDAYZe0arxmvI3GDzkXe7HNXpo0Zw_PoV4"
        }
      ],
      "services": {
        "appinvite_service": {
          "other_platform_oauth_client": [
            {
              "client_id": "1009301487256-70gp5jlf8ehc2cvrdq34o1e2mlqju0as.apps.googleusercontent.com",
              "client_type": 3
            }
          ]
        }
      }
    }
  ],
  "configuration_version": "1"
}